gender,title,first,last,street,city,state,zip,email,username,password,salt,md5,sha1,sha256,registered,dob,phone,cell,SSN,large,medium,thumbnail,version,nationality
male,mr,erik,morrison,"8980 green rd",oceanside,idaho,88909,erik.morrison54@example.com,goldenbear710,internal,KQJHWJ3k,f4aab7659726328c1aa0c80ef09759a0,0ee62ae2bff4d29eec66ede2b28072fa14838f62,ddddb6d19efef9485ba6bb3b763d64b0d475f3639997c294cda503cf0b575076,1398993395,855818461,(641)-895-2168,(406)-978-6255,838-84-6643,http://api.randomuser.me/portraits/men/76.jpg,http://api.randomuser.me/portraits/med/men/76.jpg,http://api.randomuser.me/portraits/thumb/men/76.jpg,0.6,US
male,mr,tommy,morris,"7859 first street","miami gardens",delaware,12579,tommy.morris84@example.com,blackswan873,bigman,FcxFFe4r,49682d47ac23a4554f408caa9996059b,a47221c5be40f0d646ff8c6f0b67293c325ef9cd,251edf66634bee941d6d1198fb43159254107673fca3f0fc95d8140e6a5afec8,1308948139,693566118,(518)-570-3277,(142)-467-2102,808-21-4235,http://api.randomuser.me/portraits/men/5.jpg,http://api.randomuser.me/portraits/med/men/5.jpg,http://api.randomuser.me/portraits/thumb/men/5.jpg,0.6,US
female,mrs,catherine,hawkins,"7610 photinia ave",surprise,washington,80410,catherine.hawkins32@example.com,bluemeercat785,allstar,ycdwJXQs,20ce4e573489666956d7fa9f875cd380,e7abce60c9390f7f9a076efa2722382610314aae,d9b231cea72a95aad3ef6099d21eca0633f33f2c0ae3dd5e6c317f620196ce4f,987509381,97449195,(191)-707-1003,(614)-589-5407,368-68-6410,http://api.randomuser.me/portraits/women/88.jpg,http://api.randomuser.me/portraits/med/women/88.jpg,http://api.randomuser.me/portraits/thumb/women/88.jpg,0.6,US
male,mr,kelly,medina,"8252 miller ave",lewisville,texas,36768,kelly.medina86@example.com,organicpeacock724,florida,TB0PoHvG,d2c82be38c9c0019b26e55c60073b563,65d4893ce8736d57475806cd34c7cef03308b114,2e8f8456f84ff7a9dc9b2b83d1df7582e26a543141cc7249bcc15a7837b660a5,1372126984,1400720514,(791)-939-7162,(935)-709-3060,425-76-2263,http://api.randomuser.me/portraits/men/54.jpg,http://api.randomuser.me/portraits/med/men/54.jpg,http://api.randomuser.me/portraits/thumb/men/54.jpg,0.6,US
female,miss,pearl,castillo,"7359 first street",seymour,pennsylvania,96824,pearl.castillo42@example.com,bluebutterfly871,snowflak,BoLhKfzr,a61d50f6ecad0ff6a2edc0db0dc13b5d,d4b42cc82df379e19f627e171e36fb8add534d3e,0e543f2b25fbe3976e604afba98fd52ad5947b7114440559ed15a082d547d1ab,1295549843,657986611,(417)-297-7863,(132)-363-8705,840-66-2962,http://api.randomuser.me/portraits/women/21.jpg,http://api.randomuser.me/portraits/med/women/21.jpg,http://api.randomuser.me/portraits/thumb/women/21.jpg,0.6,US
male,mr,salvador,mitchelle,"4114 e little york rd","pembroke pines",utah,66842,salvador.mitchelle53@example.com,redbutterfly567,roll,EOAM7C2Y,2387a5858bed839cfbd351b59b919f83,6fd644ed1b8d5adc60e391e83ccb37cf3f469da4,813a75e03fd955fcd66caa13a97f7993135fcfe565b7cc539b6bec21f3dc41c1,1337527640,84406631,(494)-400-7198,(236)-255-5921,414-14-1445,http://api.randomuser.me/portraits/men/37.jpg,http://api.randomuser.me/portraits/med/men/37.jpg,http://api.randomuser.me/portraits/thumb/men/37.jpg,0.6,US
female,mrs,kelly,ross,"1911 james st",madison,iowa,68577,kelly.ross72@example.com,brownpanda605,marley,KneaEFr8,fa2876fc3f1782671c2ef1af2e2cb931,f7aaecdffaebcfaca11bfa285c76ecbe04500e8b,1295b837e61775b9e172338c9a5eca0ecda9b2e4d7d735f1b363525b925cc312,1165271188,1192656661,(476)-814-4976,(883)-409-7921,831-55-4952,http://api.randomuser.me/portraits/women/46.jpg,http://api.randomuser.me/portraits/med/women/46.jpg,http://api.randomuser.me/portraits/thumb/women/46.jpg,0.6,US
female,ms,pamela,hill,"9834 valwood pkwy",pearland,maine,45587,pamela.hill58@example.com,redwolf73,lassie,VDrC2yGW,8578ad02d8f6eec66e4bf00278f4f86e,96ef2450756cbcba66049fcc1a0fcf1b98dbbc55,0c81bd83233237ac506e3f8ea86895add6ddcaf96c44d3ec0103c127216c5878,1042752738,52395390,(285)-417-8787,(261)-884-8691,728-62-9235,http://api.randomuser.me/portraits/women/37.jpg,http://api.randomuser.me/portraits/med/women/37.jpg,http://api.randomuser.me/portraits/thumb/women/37.jpg,0.6,US
male,mr,harold,franklin,"6252 poplar dr",pueblo,maryland,77315,harold.franklin12@example.com,bluepeacock110,csfbr5yy,50i57e8c,5c816a655d449581cdc365872624280a,39c9c1254a30e0fce3f584730c2e34a0a79b3944,a1ab1b5557c155cd79b2fa42a60077a9ddde347e3e306e70eaf1f13d715e8421,1037951381,1361328357,(736)-602-7660,(464)-422-9870,949-58-6643,http://api.randomuser.me/portraits/men/58.jpg,http://api.randomuser.me/portraits/med/men/58.jpg,http://api.randomuser.me/portraits/thumb/men/58.jpg,0.6,US
female,mrs,georgia,johnson,"6673 lovers ln","san jose",tennessee,10098,georgia.johnson12@example.com,heavycat419,batman1,fmqJEdex,f4e609fd87b18149aef128f457934d02,dcf17754746c4fc2f06de1e37069328805261fa2,85c6b860f33f14bbd8c7e39395915a46c4694154113ba4025acab09512d39a11,1437745696,30904328,(667)-339-1891,(659)-648-1227,877-84-6395,http://api.randomuser.me/portraits/women/89.jpg,http://api.randomuser.me/portraits/med/women/89.jpg,http://api.randomuser.me/portraits/thumb/women/89.jpg,0.6,US
female,mrs,julie,craig,"5851 shady ln dr",nampa,"new york",35358,julie.craig36@example.com,bluegorilla418,stefano,25S2NsuE,c2477234c71a77137ab482cd6063166e,e47b78b9987946470c958becd7cd108a9658364c,d9812ddc783f304674124e8e1df1ab586655fe464e8bff9222999253e035b8e6,954151916,760722524,(842)-238-6685,(454)-936-3159,326-75-4462,http://api.randomuser.me/portraits/women/20.jpg,http://api.randomuser.me/portraits/med/women/20.jpg,http://api.randomuser.me/portraits/thumb/women/20.jpg,0.6,US
male,mr,harold,matthews,"8607 spring st",frisco,"new hampshire",73430,harold.matthews82@example.com,silverbird681,physics,w0y9pWTm,867f0be746f5a0f8cfb776c18b8f98b2,33a8d023ef6f2327b322da817410954cfa754db6,e2321456398eb69093a145146e6b660eb203a0ca784c45fcda77f1ae00ae7b87,1182546449,817978527,(422)-173-1944,(509)-684-2218,281-23-8928,http://api.randomuser.me/portraits/men/38.jpg,http://api.randomuser.me/portraits/med/men/38.jpg,http://api.randomuser.me/portraits/thumb/men/38.jpg,0.6,US
male,mr,glen,harris,"7033 plum st",boston,alabama,38795,glen.harris42@example.com,organickoala655,elephant,T6WB1J35,c5987de8183866106a9d40b05e06fa9d,108791be8af1c17ee7b4ebb2ce2154297f1f424a,0d88f3a56d2055b5e35953cf4e46771c49647913ea1a8e8ff9c680dae5d32b37,948339657,310546220,(504)-625-3727,(698)-218-2028,119-74-2521,http://api.randomuser.me/portraits/men/19.jpg,http://api.randomuser.me/portraits/med/men/19.jpg,http://api.randomuser.me/portraits/thumb/men/19.jpg,0.6,US
male,mr,darryl,wells,"9580 shady ln dr",winstonâ€“salem,connecticut,47491,darryl.wells56@example.com,tinyladybug387,detroit,t4aHESMp,ea1dcc01a99cb9256f7e8d85675375bd,f93bb0dab3fecd5b21fa3458d2eec842214be2b1,c7d1daf0c0c773f4a76205da235d15ceb49ec32639a1cafc6f510eb10d605175,1216460747,1103045703,(547)-727-8031,(805)-291-5887,341-26-2733,http://api.randomuser.me/portraits/men/59.jpg,http://api.randomuser.me/portraits/med/men/59.jpg,http://api.randomuser.me/portraits/thumb/men/59.jpg,0.6,US
male,mr,hugh,hart,"6778 forest ln",glendale,mississippi,99735,hugh.hart31@example.com,beautifulgoose207,retired,0HioPLqF,35801832bd988a3416151a7f7060e492,d4c52e50503de99d1d0f3df653f65928f11dc9bb,2c133e8d1f65e5c5fc47aeed7564b0a84a966e8485403bdc3d61f7cc6a9ca1fd,1313461849,1294339680,(252)-559-5629,(237)-918-4859,426-83-9267,http://api.randomuser.me/portraits/men/16.jpg,http://api.randomuser.me/portraits/med/men/16.jpg,http://api.randomuser.me/portraits/thumb/men/16.jpg,0.6,US
male,mr,ray,peck,"4968 camden ave",saginaw,massachusetts,43235,ray.peck10@example.com,browndog378,delight,rPneKRbs,554586f9b5e8243f8f7266bb7f3b2d4c,8a853c374018dfbf80905c92d506ad4428456fc2,abed4a4d34b72d16021a5dfa564cfba3c9045901208331d84d26d83d519eae98,957563272,1084016331,(521)-870-8272,(233)-451-7569,276-60-1403,http://api.randomuser.me/portraits/men/24.jpg,http://api.randomuser.me/portraits/med/men/24.jpg,http://api.randomuser.me/portraits/thumb/men/24.jpg,0.6,US
male,mr,bernard,stewart,"7388 spring st",reno,"north dakota",37772,bernard.stewart42@example.com,browncat961,guido,KbFsfyff,9e01699b36e8abb747c1a706001bb64d,9d32bb133c642dfc99af7c0f676a3426bfdd5122,483371d44c077369cb342f115c50e7c00aaeeff5aa39ef587b3507670c81d221,1238247404,614487678,(583)-380-7914,(196)-543-3011,588-80-3803,http://api.randomuser.me/portraits/men/4.jpg,http://api.randomuser.me/portraits/med/men/4.jpg,http://api.randomuser.me/portraits/thumb/men/4.jpg,0.6,US
male,mr,luis,griffin,"8004 fincher rd",celina,"south carolina",64619,luis.griffin73@example.com,smallkoala775,ferris,nRLObpWV,fec4ddeea786d1f51a379bb8dd5d669d,a26e3e2ff3dc913cd3d61d86de3667e5a4c1ef35,a11be48b1696e538b7bde06a2064cee78fdbee7627735e7fd2363c27bb46b965,1401044641,1013025038,(979)-883-9023,(355)-230-8016,876-56-7996,http://api.randomuser.me/portraits/men/73.jpg,http://api.randomuser.me/portraits/med/men/73.jpg,http://api.randomuser.me/portraits/thumb/men/73.jpg,0.6,US
female,miss,mary,washington,"2634 dogwood ave","virginia beach",texas,67728,mary.washington38@example.com,bluerabbit101,theend,TNrC0HQT,b66a9a63ea65ae5b243faaa3feeaf456,f8633b5fc799e9d3a3c394b510aa1b3a1cd5b640,7dc819857d7fe9dac7b5cb66990d21b4d9204a5de5f4d13adbcdccf9161e5067,1247213907,1229189798,(579)-799-8526,(183)-787-7224,466-46-9101,http://api.randomuser.me/portraits/women/85.jpg,http://api.randomuser.me/portraits/med/women/85.jpg,http://api.randomuser.me/portraits/thumb/women/85.jpg,0.6,US
female,miss,andrea,bowman,"2380 mockingbird hill","coral springs",arizona,95497,andrea.bowman77@example.com,brownmeercat887,verona,8IaMFtKQ,b09a0f2648ff9299871705a0e1b54289,065c770d3b93cb7defac6dca2ae041bbc9c63e21,0e70bb21f458eb3614148dba022b4a3c252d6fbd9a52f02a04be23f2e6cdc85f,1032761055,1004500849,(711)-299-3996,(381)-141-7347,393-69-9814,http://api.randomuser.me/portraits/women/20.jpg,http://api.randomuser.me/portraits/med/women/20.jpg,http://api.randomuser.me/portraits/thumb/women/20.jpg,0.6,US
male,mr,arnold,grant,"6030 country club rd",dallas,ohio,37733,arnold.grant54@example.com,goldenfrog501,clayton,IWwWgtAY,6f14a428580787aa87c699a9e65cba4c,bd5611b5ebab18b4812bab68846970302d90f322,5bc43f0318a3a78008b368d97e4ae6d10b0dc4675e34aeb4111f3b874a7f1fff,1054769897,210476280,(857)-522-6381,(445)-192-7974,945-96-5241,http://api.randomuser.me/portraits/men/69.jpg,http://api.randomuser.me/portraits/med/men/69.jpg,http://api.randomuser.me/portraits/thumb/men/69.jpg,0.6,US
male,mr,judd,garcia,"6510 stevens creek blvd",arlington,texas,27234,judd.garcia53@example.com,whitegoose321,head,iYZ0pIhb,cef6824c05d8105991d01ebe183ea14b,f998c8185baa04cce6b577f4d3d78cbe1031c48a,0fc49fb213b8e50c7138a5482d100b2738193db2860f6f2cc863c639e3d30d08,1390701230,319430875,(669)-392-5565,(367)-268-6501,597-88-9325,http://api.randomuser.me/portraits/men/73.jpg,http://api.randomuser.me/portraits/med/men/73.jpg,http://api.randomuser.me/portraits/thumb/men/73.jpg,0.6,US
female,ms,kristin,burns,"5868 w gray st",everett,idaho,99203,kristin.burns40@example.com,smalllion187,chrome,HN3PInUV,5ea797e4e92fba15ad750708c98015e5,811e78477dd28eefcdf29078a551d2adba779056,38181e4e5e5e097c233536d5e9f9bbbe8e06f598649c85c2a1855ac4ce6a2796,1020186809,1183775256,(812)-431-8911,(294)-794-5021,115-57-7837,http://api.randomuser.me/portraits/women/44.jpg,http://api.randomuser.me/portraits/med/women/44.jpg,http://api.randomuser.me/portraits/thumb/women/44.jpg,0.6,US
male,mr,frank,barnett,"7578 edwards rd",eugene,"south carolina",61889,frank.barnett11@example.com,yellowbear894,dontknow,rnhmkBqz,151068287a7f7cb13024e97fbeb13cf7,4e6e9c025126004201f4380d26d02e9f07ef9b86,01335827f620b61c386019e869bee6f58c3c9ee445119284aee926af0363a136,1215376872,1400702633,(678)-535-9292,(399)-623-7771,955-81-3554,http://api.randomuser.me/portraits/men/50.jpg,http://api.randomuser.me/portraits/med/men/50.jpg,http://api.randomuser.me/portraits/thumb/men/50.jpg,0.6,US
female,miss,lily,morris,"9692 w pecan st","new haven",arkansas,64054,lily.morris90@example.com,heavytiger357,sixty,QCOzMCvE,6bc119c1e7739c38516f95d840ff6747,077c5348db4ecf640cb073b333d45913d90d1f09,a5af96d8724dd81b069cb20f1e0cf3b3eead8e36923bceef21ec61eec6e0b220,1054953474,432611259,(163)-743-5752,(590)-562-8574,604-72-7486,http://api.randomuser.me/portraits/women/59.jpg,http://api.randomuser.me/portraits/med/women/59.jpg,http://api.randomuser.me/portraits/thumb/women/59.jpg,0.6,US
female,ms,sherri,reyes,"7600 hillcrest rd",grapevine,"north dakota",83217,sherri.reyes96@example.com,heavymeercat958,tiberius,qjJRF9tq,3055a05317ee55ab5cb3580feffccc13,cb77d7f8e5edbdbe2ff8671ff66d1a02abeadb09,6fa861607d988566d970180500e08b49f1c094a167c5e8afd60852ee8ade9012,1102545291,581499318,(640)-662-9310,(896)-317-7822,954-58-6521,http://api.randomuser.me/portraits/women/39.jpg,http://api.randomuser.me/portraits/med/women/39.jpg,http://api.randomuser.me/portraits/thumb/women/39.jpg,0.6,US
female,mrs,chloe,king,"3288 hunters creek dr",denver,"north dakota",98329,chloe.king20@example.com,bigduck184,charlie123,RSBAqoSG,35c547af1047205a85a39d9cd5a96702,47e458688e03214a685321339a0003932ad351d8,220921b1f166d8f03039f8172707f025cb36288368532b55e98dfa8ec4b8150e,1327652733,434170484,(340)-471-4972,(984)-723-4981,243-33-5913,http://api.randomuser.me/portraits/women/89.jpg,http://api.randomuser.me/portraits/med/women/89.jpg,http://api.randomuser.me/portraits/thumb/women/89.jpg,0.6,US
male,mr,milton,matthews,"9636 hunters creek dr",topeka,maine,31762,milton.matthews23@example.com,brownbird896,joe123,AABY1a9i,cd374c199efb241dfe86f8706f02a246,9587657f7dcc555e1f663df80f3f435e62221887,c434df584c674b32bfc2d176da47b7e789cf2f1c22192c1bb366280962000299,1444789786,129489059,(676)-144-5182,(502)-598-1157,854-84-6082,http://api.randomuser.me/portraits/men/28.jpg,http://api.randomuser.me/portraits/med/men/28.jpg,http://api.randomuser.me/portraits/thumb/men/28.jpg,0.6,US
male,mr,roberto,bryant,"2140 bruce st",shelby,oregon,21107,roberto.bryant74@example.com,purpleleopard493,train,RBPTKl9H,d53eb876b159e439b0e026c556825f4a,6d3c5f4faf0f6569f7218b0d8530d44299d295ae,18602baa6cb223163f9347e945f91ce6d92f190a4f0f4282114afba200142a5b,1442787308,223791326,(251)-628-3314,(520)-452-2312,948-85-5912,http://api.randomuser.me/portraits/men/10.jpg,http://api.randomuser.me/portraits/med/men/10.jpg,http://api.randomuser.me/portraits/thumb/men/10.jpg,0.6,US
female,ms,louella,marshall,"5043 railroad st","fountain valley",oregon,59669,louella.marshall69@example.com,ticklishpeacock368,852456,AMgcHK45,50e7259aa05d63691a6e77e9898ed435,111b8ab5c75b5c32642d320a769712cf6b71afb3,ef33f97e8377803269548ef954b1a491fdce340d01af1dba0ca07fa7b37aa0b2,1431927643,26615176,(226)-300-4305,(258)-567-9261,755-31-6656,http://api.randomuser.me/portraits/women/18.jpg,http://api.randomuser.me/portraits/med/women/18.jpg,http://api.randomuser.me/portraits/thumb/women/18.jpg,0.6,US
